{
  "1": {
    "R_to_canonical": [
      1.0,
      0.0,
      0.0,
      0.0,
      1.0,
      0.0,
      0.0,
      0.0,
      1.0
    ],
    "t_to_canonical": [
      -0.017,
      0.018,
      -0.675
    ],
    "interaction_distance": {
      "min": 49.21196,
      "max": 85.976159
    },
    "frobenius_scale": 1530.721301
  },
  "2": {
    "R_to_canonical": [
      0.9998476951563913,
      -0.01745240643728351,
      0.0,
      0.01745240643728351,
      0.9998476951563913,
      0.0,
      0.0,
      0.0,
      1.0
    ],
    "t_to_canonical": [
      1.957,
      0.054,
      1.265
    ],
    "interaction_distance": {
      "min": 28.327819,
      "max": 135.505662
    },
    "frobenius_scale": 2926.458791
  },
  "3": {
    "R_to_canonical": [
      0.9983772545808212,
      -0.04329825820058559,
      0.036988084195562196,
      0.043590092313410246,
      0.9990241291728258,
      -0.007119914506912745,
      -0.03664370870655627,
      0.008720674702842452,
      0.9992903424155347
    ],
    "t_to_canonical": [
      0.259,
      0.427,
      2.003
    ],
    "interaction_distance": {
      "min": 21.650827,
      "max": 99.532227
    },
    "frobenius_scale": 1499.774059
  },
  "4": {
    "R_to_canonical": [
      1.0,
      0.0,
      0.0,
      0.0,
      1.0,
      0.0,
      0.0,
      0.0,
      1.0
    ],
    "t_to_canonical": [
      0.134,
      -0.265,
      1.02
    ],
    "interaction_distance": {
      "min": 30.345389,
      "max": 60.731225
    },
    "frobenius_scale": 724.589143
  },
  "5": {
    "R_to_canonical": [
      0.917054487341324,
      -0.39876169966268304,
      -0.0004172879933089003,
      0.39874663960946255,
      0.9170280091036671,
      -0.0077940951704386025,
      0.003490651415223732,
      0.0069812177657347626,
      0.9999695385116512
    ],
    "t_to_canonical": [
      -0.267,
      -0.386,
      17.465
    ],
    "interaction_distance": {
      "min": 24.428714,
      "max": 103.661896
    },
    "frobenius_scale": 1445.096525
  },
  "6": {
    "R_to_canonical": [
      1.0,
      0.0,
      0.0,
      0.0,
      1.0,
      0.0,
      0.0,
      0.0,
      1.0
    ],
    "t_to_canonical": [
      -0.053,
      -0.005,
      0.583
    ],
    "interaction_distance": {
      "min": 12.46429,
      "max": 45.62917
    },
    "frobenius_scale": 470.2224
  },
  "7": {
    "R_to_canonical": [
      0.8842360903972591,
      0.4662509244161924,
      0.02714059542487372,
      -0.46620480320344315,
      0.8846370337812424,
      -0.008390466778699193,
      -0.027921638723568887,
      -0.005233922407872462,
      0.999596412632228
    ],
    "t_to_canonical": [
      -1.036,
      0.361,
      0.275
    ],
    "interaction_distance": {
      "min": 18.219999,
      "max": 72.0401
    },
    "frobenius_scale": 829.658083
  },
  "8": {
    "R_to_canonical": [
      0.9743700647852351,
      0.224951054343865,
      0.0,
      -0.224951054343865,
      0.9743700647852351,
      -0.0,
      -0.0,
      0.0,
      1.0
    ],
    "t_to_canonical": [
      -0.13,
      -0.354,
      0.659
    ],
    "interaction_distance": {
      "min": 13.563512,
      "max": 57.186904
    },
    "frobenius_scale": 530.179021
  },
  "9": {
    "R_to_canonical": [
      0.9988898749619699,
      0.04710645070964266,
      0.0,
      -0.04710645070964266,
      0.9988898749619699,
      -0.0,
      -0.0,
      0.0,
      1.0
    ],
    "t_to_canonical": [
      0.026,
      -0.277,
      0.745
    ],
    "interaction_distance": {
      "min": 24.652227,
      "max": 66.308832
    },
    "frobenius_scale": 762.55267
  },
  "10": {
    "R_to_canonical": [
      0.9305691094846625,
      -0.29898870552512863,
      -0.2112980985274839,
      0.305955555760211,
      0.9520457510978794,
      0.000292772839140254,
      0.20107792114596465,
      -0.0649202725262522,
      0.977421622352777
    ],
    "t_to_canonical": [
      21.379,
      -11.438,
      7.2
    ],
    "interaction_distance": {
      "min": -97.842282,
      "max": 103.969327
    },
    "frobenius_scale": 1223.703587
  },
  "11": {
    "R_to_canonical": [
      0.6883545756937541,
      -0.7253743710122876,
      0.0,
      0.7253743710122876,
      0.6883545756937541,
      0.0,
      0.0,
      0.0,
      1.0
    ],
    "t_to_canonical": [
      0.56,
      10.31,
      -4.308
    ],
    "interaction_distance": {
      "min": 48.204948,
      "max": 136.218089
    },
    "frobenius_scale": 3250.28355
  },
  "12": {
    "R_to_canonical": [
      1.0,
      0.0,
      0.0,
      0.0,
      1.0,
      0.0,
      0.0,
      0.0,
      1.0
    ],
    "t_to_canonical": [
      -4.514,
      0.141,
      25.163
    ],
    "interaction_distance": {
      "min": 26.588761,
      "max": 133.742763
    },
    "frobenius_scale": 2388.742912
  },
  "13": {
    "R_to_canonical": [
      1.0,
      0.0,
      0.0,
      0.0,
      1.0,
      0.0,
      0.0,
      0.0,
      1.0
    ],
    "t_to_canonical": [
      0.0,
      0.0,
      0.0
    ],
    "interaction_distance": {
      "min": -83.531641,
      "max": 84.692273
    },
    "frobenius_scale": 1357.475053
  },
  "14": {
    "R_to_canonical": [
      0.9989705697907147,
      -0.04536298812925378,
      0.0,
      0.04536298812925378,
      0.9989705697907147,
      0.0,
      0.0,
      0.0,
      1.0
    ],
    "t_to_canonical": [
      10.087,
      0.687,
      13.396
    ],
    "interaction_distance": {
      "min": -69.745684,
      "max": 70.337474
    },
    "frobenius_scale": 747.441848
  },
  "15": {
    "R_to_canonical": [
      0.9991929667737467,
      0.021988186917628147,
      -0.0336145026135155,
      -0.02267486043845901,
      0.999539102190087,
      -0.02018499187841192,
      0.03315517838852628,
      0.020930906074764062,
      0.9992310199933321
    ],
    "t_to_canonical": [
      -15.263,
      -13.832,
      1.817
    ],
    "interaction_distance": {
      "min": -117.472362,
      "max": 122.118313
    },
    "frobenius_scale": 2149.244
  },
  "16": {
    "R_to_canonical": [
      0.9781461109301923,
      -0.2079163833494283,
      0.0009814311150234103,
      0.20791137415022576,
      0.9781403748566498,
      0.003777244267631638,
      -0.0017453283658983088,
      -0.003490646098658944,
      0.9999923845803572
    ],
    "t_to_canonical": [
      0.397,
      0.379,
      0.184
    ],
    "interaction_distance": {
      "min": 43.165364,
      "max": 119.101303
    },
    "frobenius_scale": 2348.918028
  },
  "17": {
    "R_to_canonical": [
      0.96544910299225,
      -0.26046564618543383,
      -0.008104115538690514,
      0.2604981603315312,
      0.965468918803774,
      0.003236554921483477,
      0.006981260297961553,
      -0.00523583623467443,
      0.9999619232868698
    ],
    "t_to_canonical": [
      -16.844,
      30.307,
      0.065
    ],
    "interaction_distance": {
      "min": -107.134889,
      "max": 110.430492
    },
    "frobenius_scale": 1164.18443
  },
  "18": {
    "R_to_canonical": [
      0.9997806834748455,
      0.020942419883356957,
      0.0,
      -0.020942419883356957,
      0.9997806834748455,
      -0.0,
      -0.0,
      0.0,
      1.0
    ],
    "t_to_canonical": [
      0.033,
      2.804,
      0.163
    ],
    "interaction_distance": {
      "min": 8.26944,
      "max": 60.924156
    },
    "frobenius_scale": 480.50529
  },
  "19": {
    "R_to_canonical": [
      -0.98263207639322,
      -0.16015072861883672,
      0.09373338021219764,
      0.15563363146447728,
      -0.986353470839105,
      -0.053712226921157624,
      0.10105629718294633,
      -0.03819129071537604,
      0.9941473985849208
    ],
    "t_to_canonical": [
      9.622,
      -6.22,
      1.823
    ],
    "interaction_distance": {
      "min": -98.0877,
      "max": 99.600037
    },
    "frobenius_scale": 958.82283
  },